Enemy, Power Level, Inside, Daytime, Nighttime, Alias
Backwater Gunkfish, 0.5, True, False, False, Stingray
Coil-head, 1, True, False, False, Spring
Earth Leviathan, 2, False, False, True
Bunker spider, 2, True, False, False, Bunker Spider
Circuit bees, 1, False, True, False, Red Locust Bees
Old Bird, 3, False, False, True, RadMech
Feiopar, 2, False, False, True
Spore lizard, 1, True, False, False, Puffer
Nutcracker, 1, True, False, False
Eyeless dog, 2, False, False, True, MouthDog
Masked, 1, True, False, False
Jester, 3, True, False, False
Hoarding bug, 1, True, False, False
Giant Sapsucker, 4, False, True, False, GiantKiwi
Forest Keeper, 3, False, False, True, ForestGiant
Tulip Snake, 0.5, False, True, False
Bracken, 3, True, False, False, Flowerman
Girl, 2, True, False, False
Manticoil, 1, False, True, False
Roaming locusts, 1, False, True, False, Docile Locust Bees
Thumper, 3, True, False, False, Crawler
Barber, 1, True, False, False, Clay Surgeon
Snare flea, 1, True, False, Centipede
Cave Dweller, 2, True, False, False, Maneater
Cadaver Growths, 2, True, False, False
Butler, 2, True, False, False
Hygrodere, 1, True, False, False, Blob
Baboon hawk, 0.5, False, False, True